model,score
Single,0.7687860315119919
Ensemble,
Linear,0.7347156950203286
CatBoost,0.7378504571623181
LightGBM,0.7755726690481175
