model,score,time
Single,0.7691743380959404,223.0
Ensemble,0.7748518748301977,475.0
Linear,0.7322190326175639,444.0
CatBoost,0.7689034673531325,492.0
LightGBM,0.7755726690481175,118.0
